"sample","cells","average_transcripts","average_genes","average_mitochondrial_percentage"
"Control",15688,1599.76083630801,589.216471188169,2.29160664489863
"Stimulated",15756,1688.64743589743,597.215600406194,2.05624566340553
